title,company,tags,description,link
Lead Data Engineer,Open Architects,"Engineer, DevOps, Python, Data, DataOps",Lead Data Engineer Engineer DevOps Python Data DataOps,https://remoteok.com/remote-jobs/remote-lead-data-engineer-open-architects-1093295
Javascript Fullstack Engineer Senior,Lumenalta,"Engineer, JavaScript",Javascript Fullstack Engineer Senior Engineer JavaScript,https://remoteok.com/remote-jobs/remote-javascript-fullstack-engineer-senior-lumenalta-1092919
Software Engineer,ControlShift,"Ruby, Vue",Software Engineer Ruby Vue,https://remoteok.com/remote-jobs/remote-software-engineer-controlshift-1093322
Application Engineer,LaunchBrightly,"Engineer, JavaScript, Front End, API, GraphQL, Vue, Typescript, Dynamodb",Application Engineer Engineer JavaScript Front End API GraphQL Vue Typescript Dynamodb,https://remoteok.com/remote-jobs/remote-application-engineer-launchbrightly-1093516
Svelte Developer,Green Stuff World,"JavaScript, Typescript, Svelte, Tailwind, Kotlin",Svelte Developer JavaScript Typescript Svelte Tailwind Kotlin,https://remoteok.com/remote-jobs/remote-svelte-developer-green-stuff-world-1093508
Senior Python Backend Engineer,Orga AI,"Python, Senior, Backend, Ops, Startup, AWS",Senior Python Backend Engineer Python Senior Backend Ops Startup AWS,https://remoteok.com/remote-jobs/remote-senior-python-backend-engineer-orga-ai-1093458
Senior Software Engineer,ModelVault,"Full Stack, Infra",Senior Software Engineer Full Stack Infra,https://remoteok.com/remote-jobs/remote-senior-software-engineer-modelvault-1093504
Senior Backend Engineer,HockeyStack,"JavaScript, Backend, API, Engineer",Senior Backend Engineer JavaScript Backend API Engineer,https://remoteok.com/remote-jobs/remote-senior-backend-engineer-hockeystack-1093257
Software Engineer,Jump,"Engineer, Full Time, API",Software Engineer Engineer Full Time API,https://remoteok.com/remote-jobs/remote-software-engineer-jump-1093450
React Native Developer,Interviews Chat,React Native,React Native Developer React Native,https://remoteok.com/remote-jobs/remote-react-native-developer-interviews-chat-1093451
Senior Fullstack Developer,Swipe Games,"Front End, Backend, Full Stack, JavaScript, Node, React",Senior Fullstack Developer Front End Backend Full Stack JavaScript Node React,https://remoteok.com/remote-jobs/remote-senior-fullstack-developer-swipe-games-1093439
Senior Full Stack Developer,Zammad,"Full Stack, Full Time",Senior Full Stack Developer Full Stack Full Time,https://remoteok.com/remote-jobs/remote-senior-full-stack-developer-zammad-1093045
Senior Full Stack Engineer,AMK Solutions,,Senior Full Stack Engineer ,https://remoteok.com/remote-jobs/remote-senior-full-stack-engineer-amk-solutions-1093412
Founding Engineer,Teracy,Full Stack,Founding Engineer Full Stack,https://remoteok.com/remote-jobs/remote-founding-engineer-teracy-1093410
Senior AI Engineer Python & LLM Engineer,Lemon.io,"Python, AWS, GCP, Azure, Openai, Llm, JavaScript, React, Ruby, React Native, Node, Blockchain, Svelte, Ui/ux, Design, Product Design, Shopify, Typescript, Figma, Wordpress, Engineer, Senior, English, Backend, Full Time, Remote",Senior AI Engineer Python & LLM Engineer Python AWS GCP Azure Openai Llm JavaScript React Ruby React Native Node Blockchain Svelte Ui/ux Design Product Design Shopify Typescript Figma Wordpress Engineer Senior English Backend Full Time Remote,https://remoteok.com/remote-jobs/remote-senior-ai-engineer-python-llm-engineer-lemon-io-1093400
Tech Cofounder CTO,Founders Factory,"Full Stack, API, Engineer, Senior, Mobile",Tech Cofounder CTO Full Stack API Engineer Senior Mobile,https://remoteok.com/remote-jobs/remote-tech-cofounder-cto-founders-factory-1093267
Senior React Native SDK Engineer,Nami ML,"JavaScript, React Native, Mobile, Typescript",Senior React Native SDK Engineer JavaScript React Native Mobile Typescript,https://remoteok.com/remote-jobs/remote-senior-react-native-sdk-engineer-nami-ml-1093276
Spanish Speaking Software Support Engineer,Payara,"Engineer, Java",Spanish Speaking Software Support Engineer Engineer Java,https://remoteok.com/remote-jobs/remote-spanish-speaking-software-support-engineer-payara-1093246
Administrative Executive,Prime Design & Build,"Sys Admin, Design, Executive, Admin, Virtual Assistant, Other, Non Tech",Administrative Executive Sys Admin Design Executive Admin Virtual Assistant Other Non Tech,https://remoteok.com/remote-jobs/remote-administrative-executive-prime-design-build-1092987
